storyID,story,flag
c3d15394-2420-4620-a5f3-6f595cbc50e8,"['Rob was upset about some things the city council was doing.', ""Rob was against them instituting permit parking on Rob's street."", 'Rob organized a petition and collected numerous signatures.', 'Rob also spoke at several city council meetings.', 'Thankfully, Rob was able to prevent the measure from being implemented.']",1
385a6bf0-4b4d-40a3-87ea-259531f16b79,"['Sam saw his brother Barry eating a peanut butter and banana sandwich.', 'Sam thought it was the grossest thing Sam ever saw.', 'Barry told Sam to try it himself, but Sam refused.', 'After many weeks, Sam reluctantly agreed to take a bite.', 'Sam now eats peanut butter and banana sandwiches every week.']",1
46e35369-7a26-44c2-a5f1-f5d7164e9070,"['Cindy loves her coworkers but has never attended happy hour with them.', 'Cindy is afraid it is unprofessional to drink with coworkers.', ""One day Cindy's best friend at work convinces Cindy to come along."", ""Cindy goes to happy hour with her coworkers and Cindy's coworkers all drink beer."", ""Cindy is very pleased that Cindy joined happy hour with Cindy's coworkers.""]",1
de4dbb2f-3a01-4bc0-8941-a259e36c51bb,"['Larry awakes one night to a sound.', 'Larry gets up to see if anyone is around.', 'Larry goes down the stairs into the kitchen.', ""Larry see's no one just Larry's family kitten."", 'Larry heads back to bed and rests easily.']",1
2a512a7a-7cc5-4830-abf4-441a9ebc457e,"['Ronald was taking intro to Anatomy.', 'Ronald was grouped with three beautiful women.', ""Ronald had no idea what to really expect being sheltered all Ronald's life."", ""Ronald's face turned bright red as soon as the teacher started speaking."", 'The group giggled but Ronald learned quite a few things.']",1
a55b3c20-203c-450f-84a9-0ed92e2c1e55,"['Laney hated her job.', ""Laney's boss was rude and mistreated Laney."", 'The work was hard and the pay was low.', 'Finally, one day Laney just quit.', 'Laney was glad Laney stood up for Laney.']",1
da17b67c-8650-4a82-9c74-457d568007da,"['Jen wanted a new bag.', 'The one Jen wanted was too expensive.', 'Jen decided to save up.', 'Jen also took on extra hours.', 'Jen was happy when Jen was able to buy the bag.']",1
702d6e04-e2d8-4623-b112-22e8d16805fb,"['Ray was looking for a birthday present for his mom.', 'Ray knew his mom had a new interest in fitness and exercise.', 'Ray asked a fitness instructor and the instructor recommended Fitbit.', 'Ray went out and bought the Fitbit.', ""Ray's mom was really surprised and happy with the Fitbit Ray bought.""]",1
16a30513-2148-4455-880b-44b665a745d2,"['Emily wanted to make chocolate chip cookies.', 'Emily went to the store to purchase the ingredients.', 'Once home, Emily mixed everything together.', 'Emily wanted to sample the dough but waited until the cookies were done.', 'Emily had three cookies that night with a glass of milk.']",1
fb95007c-5914-4bd0-9204-020bdd001df8,"['Paul woke up and began to make his coffee.', ""Paul hadn't realized, but Paul accidently poured in salt instead of sugar."", ""Paul didn't take a sip until Paul was on Paul's way to work."", 'Paul threw the coffee out of the window.', 'Paul stopped and got another cup of coffee on the way to work.']",1
34a5df61-23f7-440a-96e7-508bb69c5688,"['Kelly got her nails done.', 'Kelly went to the local salon.', 'Kelly got them painted red.', ""The only bad thing was that one of Kelly's broke."", 'Kelly was so upset.']",1
6bdc913c-59d1-470e-a865-d2c85d0897a4,"['Emma fell in love with Paul.', ""Paul didn't feel the same for Emma and rejected Emma."", ""Emma's feelings were hurt, so Emma told the authorities."", ""Emma felt even worse when the authorities wouldn't listen."", ""Emma walked under a mattress for a year to show everyone Emma's feelings.""]",1
70cb1895-c5d3-4c6a-902a-c37493f83cff,"['Phil worked his way up from cook to general manager.', 'When the owner retired, Phil sold the place to Phil.', ""Phil found it difficult, running Phil's business."", 'There were times Phil wished Phil was still just an employee.', 'Phil kept at it and the place was more popular than before.']",1
bb39c84f-9211-466b-a21a-69f16167e79d,"[""Ruth's neighbor was religious."", ""Ruth's neighbor invited Ruth over for a bible study."", 'Ruth reluctantly agreed.', 'Ruth and her neighbor read several passages and discussed them.', 'When Ruth and her neighbor were done, Ruth went home.']",1
87ed9e37-a44e-40d8-af00-5942df86e2e1,"['Stan styled his hair like a popular singer.', 'Stan loved it when girls remarked on the resemblance.', 'One day, news broke about the popular singer in an embarrassing scandal.', 'Stan looked at himself in the mirror.', ""Then Stan got out a razor and shaved off Stan's hair.""]",1
828285c3-525e-4c39-a159-2f6f0ca19063,"['Dan dreaded doing back to school shopping with his kids.', 'However, Dan had to purchase new backpacks and shoes for Emma and Jack.', 'Dan decided to go to the mall to get the school shopping done.', ""After looking through several stores, Dan didn't find anything."", 'Dan was disappointed that Dan did not find anything at the mall.']",1
50d3bb8c-b55d-407c-94fe-e84a25a6218a,"['Gabe rode his bike to school each morning.', 'One morning Gabe fell off his bike.', ""Gabe sprained Gabe's ankle."", ""A neighbor found Gabe and called Gabe's mother."", ""Gabe's mother picked Gabe up and brought Gabe to the doctor.""]",1
018cc08a-3902-4ebe-9da9-fac862431f96,"['Anita browsed the aisles of the local candy store.', ""There was a container of gummy bears that caught Anita's eye."", ""Anita hesitated, then discreetly put a handful in Anita's pocket."", 'The shopkeeper noticed Anita and glared.', ""Anita never felt so guilty in Anita's life.""]",1
98fd0223-ea20-4bfb-b291-2fa848410a81,"['Cal shuffled into his kitchen to make a pot of coffee.', 'Cal changed the filter and put the new ground coffee in.', 'Cal turned on the coffee machine and went to use the bathroom.', 'Cal heard a tremendous cracking sound from the kitchen!', ""Cal'd forgotten to add the water so the carafe had heated up and broke!""]",1
ab885d0a-2c22-471c-a46f-a7a4cf49859a,"['John wanted to take Sue to dinner.', 'John finally got the nerve to ask Sue out.', 'John called and asked Sue to dinner.', 'John and Sue decided on a restaurant.', 'John and Sue had an enjoyable evening.']",1
40f7d3bc-a1bd-42a4-8002-43abaf623a89,"['Sam ran out of gas.', 'Sam was also wanting a drink.', 'Sam only had enough money for either beer or gasoline.', 'Sam decided to get the gasoline and wait on the beer.', 'It was a smart choice and Sam was proud of himself.']",1
b42a2c11-a4ea-4693-8adf-4488868a6b53,"['Ashley bought a dogsled.', 'Ashley wanted to test it out.', 'Ashley went outside in the snow.', 'Ashley climbed to the top of a hill.', 'Ashley then rode it to the bottom.']",1
bac21b98-24a4-47ae-a299-afb2e1c7d4ca,"['Bill was looking forward to his paid time off vacation.', 'Bill knew Bill had worked hard for that vacation.', 'Bill proudly submitted the request after never missing a day of work.', 'Bill was denied by his manager.', 'Bill left the company soon after.']",1
28ae0b08-28e0-42ac-b197-4b4c8921bde1,"['Tim had to clean the basement.', ""Tim's parents told Tim to."", 'Tim was very angry.', 'Tim thought the day would be ruined.', ""However Tim ended up finding Tim's favorite football in the basement.""]",1
d79a3ef5-4bb0-413a-9d79-d1049366d32e,"['Rose donned her blue bikini.', 'It was much smaller than Rose remembered it being.', 'Or Rose was much larger than Rose had been.', 'It covered what Rose needed covering, though.', 'Rose ran out through the snow and jumped into the hot tub.']",1
5d47dd3e-7a41-4ae5-babe-6aa94569985f,"['John had never raced cars professionally before.', 'John was excited for his first race.', ""John didn't come close to winning."", 'John was just glad John got all the way through it.', 'John knew it was a good first step and continued.']",1
5bd0d3c6-3f81-4c31-8ad8-5bbb46f60070,"[""It was Rainer's first time seeing snow."", 'Rainer was very excited even though Rainer was cold.', 'Rainer lay down in the snow with her mom.', 'Rainer moved her arms and legs up and down like her mom showed her.', 'Rainer thought the snow angels Rainer and her mom made were beautiful.']",1
602a0ae8-cca3-4369-93e9-f0a3c7280801,"['Fred had always wanted to be a police officer.', 'Fred worked very hard to become one.', 'It was difficult.', 'Finally Fred was made a police officer.', 'Fred was proud to be a police officer.']",1
d29d5c14-4088-4c67-8a33-41dd856f981d,"['Tom was a rookie hiker who decided to hike by himself.', 'Tom was having a great time on a hike Tom had done many times.', 'Losing track of time, the sun went down, leaving Tom in darkness.', 'Tom was lost, because everything looked much different at night.', 'Eventually, Tom found his way home by following the north star.']",1
22c8b3ea-4ea1-474a-a01d-944f7ef615ea,"['Emily put a for sale sign on her old car.', 'Within hours Emily got several phone calls about it.', 'After a couple test drives nobody was offering Emily enough money.', 'Emily was ready to give up when someone offered Emily the right amount.', 'Now Emily has enough money to buy a new car.']",1
7c63a409-e69b-4473-8277-aaab8d3ccc72,"['Emma was letting her toddler play with an heirloom book.', ""Suddenly, Emma's toddler swiped the book with a marker."", 'A big blue mark went across the page.', ""Emma was so worried that Emma's book was permanently ruined."", 'Luckily, the marker came off with a wet cloth.']",1
831e4044-41dc-410d-9cb9-6a9913b0394c,"['May needed to lose a lot  of weight.', ""May tried dieting, but couldn't stay motivated."", 'Then May joined a fitness group.', 'The group gave May support and encouragement.', ""With May's help, May lost forty pounds!""]",1
049925bd-c3a2-47d2-b034-f01b205ca7f2,"['Jenna was on her way home from a trip.', 'Jenna wanted to get home to her boyfriend quickly.', ""Jenna's sister wanted to stop at the space museum, though."", 'Jenna impatiently waited as her sister looked through the museum.', 'Finally, Jenna and her sister got back on the road and went home.']",1
cf9cb870-014a-4278-8dce-d6bacfca2439,"['Bobby was at a fast food restaurant.', 'Bobby poured ketchup from the dispenser.', 'The ketchup was rancid.', 'Bobby threw the ketchup away.', 'Bobby went up to the counter and asked for ketchup packets.']",1
46ac9f05-06cd-49b1-890c-914ac0408a07,"['Tom was at the mall.', 'Tom went into a store and the alarm went off.', 'Something Tom was wearing set it off.', 'On the way out an employee asked Tom some questions.', ""It was clear Tom hadn't stolen and Tom went on Tom's way.""]",1
0fed5532-f40a-42c5-8772-49b00177dad5,"['Linah worked at Starbucks.', ""Linah was expecting Linah's first child."", ""Linah didn't mind working while pregnant."", 'Once the baby was born Linah wanted to be a stay at home mother.', ""Linah quit her job and Linah's husband picked up another job.""]",1
a6e58095-7a9e-40ac-85c7-11d552594b4c,"[""Bob and Karen weren't sure what to do on a Fall Friday evening."", 'Since the big game was the next day, Bob and Karen wanted an early night.', 'Bob and Karen decided to check out downtown to see what was happening.', ""At Bob and Karen's surprise, there were a ton of cars downtown!"", 'There wound up being a huge event downtown for Bob and Karen to do!']",1
2e857a23-5d1e-48b7-8f8e-da934ff88d41,"['Amber loved potato chips.', ""Amber couldn't resist eating a bag everyday."", 'Amber had gained twenty pounds from eating potato chips.', 'Amber stopped eating the chips.', ""Amber still couldn't loss the weight though.""]",1
06748962-c82f-42fd-a393-aa45bac5a4b4,"[""Katie's mom had twins when Katie was four."", 'At first Katie hated the twins!', 'Katie was always being asked to help out.', 'Katie felt abandoned.', 'But soon enough, Katie grew to love her baby sisters!']",1
9e38bc03-5f4d-428a-8538-7ed68b66d20e,"['Graham put his new product idea on a crowdfunding site.', ""Graham raised five thousand dollars for Graham's product idea."", 'Graham delivered the first of his new product to his customers.', 'Graham got sued for product infringement.', ""Graham lost all of Graham's money in the lawsuit.""]",1
76814040-821c-4a6e-ac2e-ff2aa4e925fa,"['Bryan is in the third grade.', 'Bryan does not listen to his parents.', 'Since Bryan always refuses to do his homework Bryan is behind in school.', 'Bryan now has to go to a tutor every night.', ""Bryan has now learned how to do Bryan's math.""]",1
af933ee9-3453-445b-8f66-fbbe534bc986,"['Chris had been agoraphobic for years.', 'Chris had a special worker from the state come and bring Chris things.', 'Chris became friends and the special worker encouraged Chris to go outside again.', 'When Chris tried it Chris was amazed at how bright it was outside.', 'Chris promised his worker he would try it more.']",1
e801e36f-2be3-4991-baf8-ca9e06a26920,"['Today Murray went to the dog pound.', 'Murray was looking for a certain kind of dog.', 'Murray really wanted a beagle.', 'Just as Murray thought he had seen all the dogs, Murray saw Chip.', 'Murray instantly knew Chip was the beagle Murray wanted.']",1
11cd1215-a617-45a0-ad5a-b8a2388d18a3,"['Lucy was going to Blockbuster to rent movies.', 'Lucy had talked her grandma into driving Lucy there.', 'There was an older boy working there Lucy had a crush on.', 'She wanted to impress the older boy but looking older.', 'The only problem was lip gloss was the only makeup Lucy could wear.']",1
079138e8-e6e5-4c63-834a-4b4932275069,"['Kate was at a gas station on the highway.', 'Kate went in to get Advil.', 'But they also had earbuds which Kate needed terribly.', 'The earbuds were both low quality, and expensive.', 'But they were better than nothing so Kate bought them anyway.']",1
565d48f7-3460-4594-8737-7542aedabdc5,"['Mary needed to find a dress to wear to her high school prom.', ""Mary went to many stores and couldn't find a dress Mary liked."", 'Finally, Mary found a blue dress that looked very pretty.', ""On prom night, everyone commented on how lovely Mary's dress looked."", 'Mary felt happy that Mary had such a nice dress.']",1
d7548de3-5e90-4943-a51a-48e0a07b7dbc,"['Neil was ending his visit to Germany.', 'Neil decided his last sight would be the Black Forest.', 'Neil took a train ride to the beautiful location.', 'Neil thought of the German fairy tales set here.', 'Neil thought the forest was spooky, but beautiful nonetheless!']",1
0b4a0368-5f56-43d7-bc26-a992734f6323,"['Dawn and Joyce went for a walk.', ""It wasn't long till it started raining hard."", 'Dawn and Joyce took off running to the house.', 'Dawn and Joyce got so cold and wet.', 'Dawn and Joyce had to change their clothes.']",1
6e5fe34a-9aaa-4f4f-937a-664e8940b947,"['Stacy was a straight A student.', 'Stacy was never good at sports however.', ""Stacy had to join a team for Stacy's college applications."", 'Stacy joined the soccer team and tried to not do much.', ""The coach knew Stacy's plan and placed Stacy on the bench the whole season.""]",1
bb669de4-490b-48d8-9811-f81ce446f67a,"['Tim got a new cat.', 'The cat always ran from Tim.', 'Tim bought a bright ball of yarn.', 'The cat was curious.', ""Then Tim and Tim's cat played with the yarn together.""]",1
c90d2d53-b89e-456a-b621-03e80d6700db,"['Annie remembered standing at this same quilt show last year.', 'This time around, Annie had a quilt on display.', 'Annie reflected on all Annie had experienced and accomplished.', 'The judging had just finished.', 'Annie had earned an honorable mention ribbon.']",1
12520171-c4a7-4d9b-b44b-e79999176f71,"['Tina had a paper due in two hours.', 'Only problem was Tina did not start it yet.', 'Tina then worked very hard for those two hours.', ""To Tina's delight Tina got a great grade in the end."", 'Tina could not believe it.']",1
664f05e0-4cec-484e-acc0-35eaa13d83ab,"['Tiffany bought Christmas gifts for her two nieces.', ""Tiffany brought them to her family's Christmas get together."", 'One of the presents was a piano mat, the other a play guitar.', 'The nieces fought over the piano mat and started crying and screaming.', ""Tiffany basically ruined the Christmas get together with Tiffany's mistake.""]",1
f0d67996-0b4f-430a-9792-fea39fdf1fd2,"['Jamie works almost 7 days a week at his job.', 'The only thing Jamie has ever wanted was a Jeep Wrangler.', 'Jamie went home after work on his birthday, his wife was waiting for him.', ""Jamie's wife stood beside a brand new Jeep with a giant bow on it!"", ""Jamie was so excited, Jamie couldn't wait to go for a ride with Jamie's wife.""]",1
41c8cd8b-78f9-4fa9-ab18-57faf821a3c1,"['Lisa turned thirty-five last weekend.', ""Lisa's friends threw Lisa surprise birthday party."", 'Everyone that was close to Lisa attended.', 'The party became a little too loud and police were called.', 'Lisa will never forget this birthday party.']",1
7710b48a-1591-49fb-9094-4b710e225b73,"['John was alone and did not know what to do.', 'John decided to make a snowman.', 'John gave the snowman a cool hat.', 'Then John gave the snowman a huge smile.', 'At last John did not feel alone anymore!']",1
2e9451f1-751b-4aaa-a4ac-5353c1cd92b6,"['John realized he had a midterm exam tomorrow.', 'John had not studied one bit for this exam.', 'John started cramming for the exam.', 'John studied for hours into the night.', ""John barely passed John's midterm that morning.""]",1
c46e01a2-f92d-4e81-911a-7a3ab81d16e1,"['Jeremy went to his parents house to gather things from his childhood.', 'In the basement Jeremy found old jars of playdough.', 'Jeremy tried to play with it but they were solid as a rock.', 'Jeremy threw the jars away in the trash.', 'Jeremy went home and bought fresh playdough to replace the old stuff.']",1
6a933e5a-0843-487b-aa69-38cbe464c939,"['Billy was walking in the grass barefoot.', 'Billy got a thorn in his foot.', 'Billy screamed in pain.', ""Billy tried to get it out but Billy couldn't."", ""Billy's mother finally pulled it out with tweezers.""]",1
5fa018f9-5d3b-448d-9f6b-7a497e845727,"['Kate watched the lotto drawing and checked her ticket.', 'Kate was shocked to find that Kate had won!', ""Kate rushed to the lottery office to claim Kate's winnings."", 'But there, Kate learned that Kate had heard the number wrong.', 'Kate had not won the jackpot after all.']",1
3b8c88cd-5237-449a-8715-acbf58513355,"['Brent was in love with joanna', ""Joanna's family did not like Brent but they felt Brent was not a good man."", 'One day brent helped Joanna sneak out of the house but Joanna got caught.', 'Brent was no longer allowed to see Joanna but Brent knew Brent was wrong.', 'joanna eventually met a good man and got married.']",1
7e0d61d6-ac6d-47a4-9c6c-2d9c72a64242,"['Everytime Heather slept she would wake up feeling tired.', ""Heather's mattress was old and lumpy."", 'Heather decided Heather was in desperate need to buy a new mattress.', 'Heather needed to work more to save up some money to be able to buy.', 'Heather eventually bought a new one, afterwards Heather slept so well.']",1
28b10018-560b-4c20-8e4e-e9a10f7caa29,"['Tonya was out shopping with her little girl, Kelsie.', 'Kelsie saw a bike Kelsie wanted and Tonya agreed to buy it.', ""Kelsie couldn't wait to get home to ride Kelsie's bike up and down the street."", 'When Tonya was ready to pay for it, Tonya was ten dollars short.', 'The person in line behind Tonya paid for the bike and Tonya cried.']",1
21e9a41e-aac4-4af2-b3f7-073267fb4ca0,"['Julie was looking for some extra spending money.', 'Julie decided to open up a lemonade stand.', ""To Julie's delight the stand became quite popular."", 'The neighbors wanted to get a taste.', 'At the end of the day Julie made 100 dollars.']",1
3fbb98b9-9f97-4aad-8425-ee89d6ad44f8,"['Jericho was a miniature schnauzer my cousin owned.', ""One day my cousin's gate blew open in a bad wind storm."", ""My cousin came home to find Jericho gone from my cousin's yard."", 'All evening long my cousin searched for Jericho but to no avail.', 'The next morning when my cousin woke up Jericho was laying on the porch.']",1
ea9924b5-ff97-48ea-a204-dd0937bb647a,"['Betty wanted to lose weight.', 'Betty tried dieting, but that failed.', ""Betty was unable to give up Betty's favorite sweets ."", 'Then Betty had a better idea!', 'Betty began walking an hour a day and lost 25 pounds quickly.']",1
5c9d9855-03fc-427e-b9d3-d9493209dff6,"['Corey got a new job which brought more stress than he was used to.', 'Corey wanted to keep working but needed a way to deal with the stress.', ""Corey's friend suggested that Corey start practicing meditation."", 'Corey researched meditation techniques and found one that worked.', 'Corey became much less stressed and was happy to keep working.']",1
922b9f29-fd88-4cdb-8ba4-06606e263f91,"['James was playing video names when he got a bloody nose.', ""The blood came out quickly, staining James' jeans."", 'When the bleeding stopped James was left to deal with the mess.', ""Nothing seemed to get the blood out of James' pants."", ""Luckily, James' mom took the pants and somehow fixed them.""]",1
c61bc146-ab05-4c2c-8a0c-29f36d1f580d,"[""It was Sue's time to renew her cell phone contract."", 'Sue was excited about getting the latest phone.', 'Sue went into the store and found the phone Sue wanted.', ""With a new contract Sue's phone was only one dollar."", 'Sue happily paid the one dollar and got a new phone case too.']",1
32ab29e0-51f4-402e-a3f6-ecf9eabb9814,"['Doug is drunk.', ""Doug argues with Doug's son."", ""Doug fights with Doug's son."", ""Doug bloodies the face of Doug's son."", ""Doug gets arrested for Doug's violence.""]",1
a321d8b3-3f6d-4da1-a469-812bf4ee5369,"['John was a graphic designer.', 'John decided to use his skills to make phoney coupons.', 'John took them to the supermarket and handed them to the cashier.', ""The coupons made everything in John's cart free."", 'The cashier did not suspect John and accepted all of the coupons.']",1
d229c57e-4f29-428c-abaa-bc084b50e649,"['Kelly took her sled to the top of the snow-covered hill in the park.', 'Kelly carefully laid on her belly on the sled.', 'Slowly, Kelly pushed herself over the crest of the hill.', 'The sled quickly picked up speed as Kelly glided down the hill.', 'Kelly laughed all the way to the bottom.']",1
3ac312fb-ae5d-4d25-bc31-3077d6460067,"['Gina wanted a brand new desk like the new boy in her class.', 'Gina wanted to ask her teacher, but Gina was helping another student.', 'As Gina waited, other students were discussing the new desk.', ""Gina hadn't realized anyone else felt the same way Gina did."", ""Gina knew if Gina didn't ask first, Gina wouldn't be getting a new desk.""]",1
8a56b943-26b1-49de-b845-4a7d56236cb9,"['Ted had finals coming up.', 'Ted knew that Ted did not study enough this semester.', 'Ted stayed up all late all week studying.', 'When test day came around Ted was so tired Ted slept all day.', 'Ted failed all his test, and had to retake all his classes.']",1
541efb12-b331-4525-afe1-5422ff33a1ca,"['Samuel was at a diner with his friend John.', 'Samuel ordered a hamburger without onions.', 'The waiter ended up bringing Samuel a hotdog.', 'Samuel became angry and reprimanded the waiter.', ""The waiter timidly brought Samuel John's correct order.""]",1
75bb9f70-bc8b-42ea-a1f9-2ed1c660704d,"['Kim had an online diary that she wrote in daily.', 'Kim was very candid and put everything in the diary.', 'One day, Kim was very mad at her boss and wrote about it.', ""Kim soon realized that Kim was not in Kim's diary, but on Facebook!"", ""Everyone saw Kim's post and Kim was fired the next day!""]",1
448d3229-9c27-41fe-bbe0-16650d10844f,"['Bobby got into the cheese puffs.', ""Bobby's mother told Bobby to wait until after dinner, but Bobby couldn't."", ""Bobby thought Bobby'd gotten away with it."", ""Then Bobby realized Bobby had bright orange cheese all over Bobby's fingers."", ""Bobby's mother didn't let Bobby have dessert that night as punishment.""]",1
5623cfff-caa2-4bb9-aa67-ea5051fbae49,"['Fernando wanted to capture the majestic beauty of the Alps.', 'Fernando bought a ticket to go up the mountain.', ""On top, it was so cold that Fernando's hands were shaking."", ""When it was time to take the pictures Fernando wanted, Fernando couldn't."", 'Fernando all came shaky and unfocused.']",1
2c98b83f-5ad0-4cd6-b168-244cba5ea2f4,"['Lucy was eating in the dark.', 'Lucy was depressed.', 'Lucy ate cold chicken and went to bed.', 'Lucy left the bones and the crumbs on the table.', ""The next day Lucy's grandma scolded Lucy for leaving a mess.""]",1
27738fa2-fd7a-4328-806e-fbb57aa773b5,"['Kelly liked the boy that sat next to her in class.', 'Kelly decided to ask the boy out one day.', ""The boy told Kelly that he wasn't interested, but the boy was just shy."", 'After a week the boy told Kelly the truth and the boy went out.', 'Kelly and the boy are now dating and Kelly and the boy are both happy.']",1
19f48bf0-6dc4-49f8-9ccd-b61e29557742,"[""Holly had always wanted to pursue a Master's in Public Health."", 'Holly worked hard academically to maintain a good grade point average.', 'Holly also interned with the local Health Department to gain experience.', ""During Holly's senior year Holly was able to apply to graduate schools."", ""Holly's internships and grades earned Holly a spot in graduate school!""]",1
1ca6a1c9-9e25-4bbb-bda3-2208faac2909,"['Tom wanted to buy a gun.', 'Tom decided to go to the shooting range.', 'Tom figured it would be a good place to learn about guns.', 'Everyone Tom talked to was an idiot.', ""It made Tom rethink Tom's gun culture.""]",1
fe2d34a9-b586-4c7b-ab61-528fdf25c9a8,"[""Lagertha didn't like being told what to do."", ""Lagertha's mother told Lagertha to clean Lagertha's room."", ""Lagertha refused, and went outside to play with Lagertha's friends."", 'When Lagertha returned at dusk, there was candy and roast lamb to eat.', ""Lagertha's mother forbid her to have any though, and sent her to her room.""]",1
704efd54-8a06-4c65-9d94-bdd22fb99639,"[""Gina's mom had been slowly packing her mother's things."", ""Gina's mom was taking her mother to Minnesota with Gina's mom."", ""Gina helped Gina's mom every once in awhile."", 'Today Gina had nothing else to do.', 'Gina decided to spend 3 hours helping with the packing.']",1
6661f7b7-022f-4c95-9bbe-a4f7b95c486c,"['Nellie fell asleep on the sand at the beach.', 'Nellie dozed peacefully for a few hours.', 'But when Nellie woke, Nellie panicked.', 'Nellie was covered head-to-toe in heavy wet sand!', ""Nellie's little brother had buried Nellie in sand while Nellie slept!""]",1
72c6dd2a-686f-4b53-af96-5b99e6d7870d,"['Last summer was incredibly hot.', ""My friend Dalton spent almost the whole summer in Dalton's house."", 'There was one day where Dalton spent all day at my house though.', ""It was the day that Dalton's air conditioner broke."", ""I sort of wish Dalton's air conditioner had broken more often.""]",1
090e0301-a098-4cf9-8a9a-291f09225143,"['Frank was a pitcher for a MLB team.', 'But last season Frank got hurt and had to receive Tommy John surgery.', 'Frank was scared Frank would not pitch again.', 'But after a year and a half Frank came back to pitch again.', 'Frank was once again a pitcher for a MLB team.']",1
18552f96-8d95-4833-b73d-50d48023e362,"['Daniel loves filling the bird feeders at his home.', 'Daniel enjoys seeing the wide variety of birds that they attract.', 'The birds glare at Daniel through the window if they are not fed.', 'When Daniel fills the feeders, the birds alert their friends by chirping.', 'After fresh food is supplied, Daniel loves seeing the birds so happy.']",1
bdf0ac96-49d8-4fb0-b012-288bf5fe8643,"['Alex was told by his parents to not mess with their computer at all.', ""One day when Alex's parents had to run errands Alex was left at home."", ""Alex decided to go on Alex's parents computer since Alex's parents weren't home."", ""Alex ended up messing up his parents' passwords."", ""Alex's parents came home and saw what Alex had done they grounded Alex.""]",1
bec054f6-9878-4212-ad1d-ec752f773896,"['Tom never really drank coffee.', 'One morning Tom was feeling especially lethargic.', 'A friend offered Tom a cup of coffee.', 'Tom drank it too fast.', 'It gave Tom energy but also made Tom feel sick.']",1
5b48d2f0-fbf0-4c1b-ab65-2c22392a1174,"['Anna went on a class trip.', 'Anna went to Thailand and Malaysia.', 'Anna had jet lag, but quickly overcame it.', 'Then Anna explored the sights with her classmates.', 'Anna had an amazing time!']",1
fbc21f05-5352-410f-af3d-565e5084ecd0,"['Sarah loves the winter.', ""One of Sarah's favorite things about this time is the trees."", 'Sarah loves watching the snow pile on the branches.', 'Sarah stared out the window all winter.', 'Sarah is a peaceful person because of it.']",1
2032a179-be89-4bfe-a0e9-8559607458fe,"['Lisa had a house cat Ruffles.', 'Ruffles always stayed inside.', 'One day Ruffles wanted to go outside.', 'Ruffles walked out.', 'Luckily Lisa caught Ruffles in time.']",1
53f498b0-7284-4394-8f99-23c08e91d005,"['Nina went mountain hiking.', 'Nina made it halfway up the mountain.', 'The sky began to get dark as dusk set in.', 'Suddenly Nina noticed the beautiful sunset.', 'Nina felt inspired and encouraged to continue on the hike.']",1
2fa75a82-2460-4a05-920e-bd2a7e057f71,"['Bill worked at a bank as a loan officer.', 'Bill embezzled a large amount of money from the bank.', 'Bank auditors discovered the discrepancy.', 'Bill was convicted and sent to prison.', ""The authorities never found Bill's money.""]",1
cd673623-c39f-494c-8bb6-d56f37d78e0e,"['Lisa was a phenomenal athlete.', 'Lisa won a gold medal in the Olympics.', 'Lisa was training to compete in the next Olympics as well.', ""Every day after practice, Lisa'd look at Lisa's gold medal."", 'Lisa was determined to win another one.']",1
fe4a54be-7202-460f-b288-61b796280347,"[""Ellie's grandmother told her to get one teaspoon of cinnamon."", 'Ellie carefully measured it before giving it to her grandmother.', 'Ellie and her grandmother finished the cookies.', 'When Ellie had one Ellie realized there was a problem.', ""Ellie had given Ellie's grandmother red pepper instead of cinnamon!""]",1
96182a41-7dd8-43cb-9561-76184ef14c2d,"[""Donna's son kept getting into trouble and was suspended from school."", ""Donna's son eventually had to spend a month in juvenile detention."", ""That month made a huge change in Donna's son's attitude."", ""Donna's son graduated from high school on time and found a full-time job."", ""Donna is very relieved at the turnaround Donna's son has made.""]",1
9d3d2a88-c080-4047-aae5-e2031f67122f,"['Anna wanted to make pasta for dinner.', ""Anna set Anna's noodles to boil."", 'But Anna forgot to watch her noodles!', 'By the time Anna remembered, it was too late.', ""The Anna's noodles were overcooked and mushy.""]",1
65cd8b07-015f-494f-b181-e4d28a416b3f,"['Ray worked in the fashion industry.', 'Every season, Ray needs a new suit to keep up with style.', 'Last autumn, Ray tried a suit that was radical looking.', ""Ray knew it was a risk to wear it in Ray's industry."", 'The risk paid off, and Ray started a new trend altogether.']",1
ddf04635-dfb7-4732-b95a-4a720f3100f4,"['Randy was eating his favorite steak.', 'While eating Randy felt a pain in his chest.', 'Randy grabbed his chest and fell to the floor.', ""Randy's kids came over to check on Randy."", 'They rushed Randy to the hospital where Randy made a full recovery.']",1
bd013c57-c545-490e-8a2b-244e60bcbc59,"['Tim was allergic to peanuts.', 'Tim was out eating at a restaurant.', ""Tim asked them if there were any in Tim's food."", ""They told Tim there wasn't but Tim still had an allergic reaction."", 'Tim is now suing the restaurant for medical costs.']",1
8f65ecad-097b-4dd9-b321-d251116bf40f,"['Gina prepared food for the family.', 'Gina cooked lasagna, grilled chicken and garlic bread.', ""As soon as we started to eat, Gina's mom became nauseous."", 'Afterwards, everyone started to feel queasy.', 'Gina eventually threw away the food and ordered Chinese food.']",1
9130a5d3-0505-4fa3-a089-b0b9817a24a5,"[""Kim's lips felt dry."", ""Kim got some lip gloss that promised to make Kim's lips moist."", ""Kim slathered it on and rubbed Kim's lips together."", 'She felt a horrible tingling and burning.', 'She was allergic to the gloss!']",1
33cbfdb9-c5b8-4359-8587-8c34a591cbec,"['Marissa is turning 16 this year.', ""Marissa's parents are planning a sweet 16."", 'Marissa's parents are going to surprise Marissa.', ""Then Marissa's parents will be holding the party at Marissa's parents' house."", ""The party was a success Marissa was in shock with Marissa's party.""]",1
aadd65e3-084a-44a1-af2e-d5587d072fc0,"['Bree was doing dishes in her kitchen.', ""Suddenly Bree's mom stormed in yelling about a bad report card."", 'Bree and her mom fought and some harsh words were shared.', 'Bree was so disappointed in Karen that Karen left the house.', ""Luckily Bree's mom tracked Bree down and apologized.""]",1
37038fb1-1a3f-4dba-bcda-a674d860db25,"['Dina is getting married in two weeks.', ""Dina's friend Colleen is serving as Dina's maid of honor."", 'Dina is getting a little bit nervous as the date approaches.', ""Colleen is helping calm Dina's fears by being supportive."", 'Dina hopes Dina is not so nervous on the actual day of the wedding.']",1
22a9535e-469d-42a1-ae6e-89a89364d5f3,"['Sarah always wanted to have a pet cat.', ""Sarah's mom knew Sarah was too young for Sarah's own pet."", ""Instead of a cat, Sarah's mom bought Sarah a goldfish."", ""Sarah named Sarah's fish Cat."", 'It looks like Sarah got a pet Cat after all.']",1
7e8f31a9-e6ab-4d0a-8bd2-ae0aceb013c0,"['Adam was expecting an important phone call.', ""Adam carried Adam's phone with Adam all day."", 'Adam was surprised in the evening nobody called.', ""Adam checked Adam's phone."", 'It was on silent mode.']",1
d73d32db-72c9-4ce5-8f19-cc7b6bcb428d,"['Sally and Tommy saw a family of Syrian refugees on TV.', 'Sally and Tommy were sad and wanted to help.', 'Sally and Tommy decided to have a lemonade stand.', 'Sally and Tommy sold lemonade all day Saturday.', 'Tommy and Sally felt glad Tommy and Sally raised fifty two dollars.']",1
a1f46374-81f8-41cd-9028-c6280518f581,"['Tim woke up early one day.', 'Tim decided to eat cereal before work.', 'After taking a bite Tim realized it was stale.', ""Tim decided Tim didn't care."", 'Tim kept eating it after it soaked in the milk a bit.']",1
11d3d2b1-68c3-4383-a3e3-6e1ba49f5c80,"['Tom thought about his health often.', ""Tom would wash Tom's hands 30 times per day."", 'Tom visited a psychologist about this.', 'The psychologist helped Tom significantly.', ""Tom no longer washed Tom's hands excessively.""]",1
f2ca2d76-65b0-46dd-8e5a-9a9d5ba251d1,"['Ben had a huge collection of video games.', ""Ben's favourite was Rocket League."", ""Ben got so good at it, that Ben's team entered a competition."", ""Ben's team tried hard at the competition, but everyone else was too good."", ""Ben's team got knocked out very early.""]",1
19062374-05a5-48ff-b9ed-ad7255118333,"['Charles was about twenty years older than the kids on the court.', ""But Charles knew moves with a basketball they couldn't imagine."", 'During a game this summer the score was tied.', ""Charles had the ball and Charles' team needed one basket to win."", 'Charles pretended to be nervous and then sunk a jump shot!']",1
e8c3272c-29df-4fba-99d2-af2c8026125f,"[""Tor's parents encouraged him to try out gymnastics."", 'Tor begrudgingly accepted their proposition.', 'Tor had a knack for gymnastics.', ""Tor's specialty was the triple beam balance."", 'Tor dreamed of one day being in the Olympics.']",1
ac7eeb08-39bb-41a0-9094-63944f72ef97,"['Lance was at the park.', 'Lance ran into a random dog.', 'Lance tried to approach the dog but the dog seemed angry.', 'It barked and tried to bite Lance.', 'Lance decided to call animal services.']",1
156e5eed-9333-466e-9a04-3b717137cf83,"['Joe was going to the new restaurant with his coworkers for lunch.', ""Joe sent some discount coupons out to Joe's workplace."", ""Joe's coworkers offered some quick and cheap lunch options."", ""It was also very close to Joe's work."", 'Joe hoped it would be his new lunch place to go to.']",1
4faea3b7-146b-4d71-b978-7e980fdec5c5,"['Tim was trying to wash dishes.', ""Tim noticed the water wouldn't drain."", 'Tim tried using a plunger to fix it.', 'After a bit of trying the water started to leave.', 'Tim plunged a bit more just to make sure.']",1
79bbaf1a-3c52-47d4-a6e3-21b6f9ccd593,"['Nala noticed some gray hairs.', 'Nala went out to buy dye right away.', 'Nala applied the dye, but it did not work!', ""Nala's gray hairs were still visible."", 'Nala realized Nala needed a special dye for gray hairs.']",1
06b29bf5-3137-43ac-be49-4629b651f975,"['Robbie wanted a pet cat.', ""Robbie's parents took Robbie to the Humane Society to choose one."", 'Robbie looked at all of the cats in the cages.', 'Finally, Robbie chose a black and grey cat.', ""Robbie and Robbie's parents took the new pet cat home.""]",1
eef1210c-ebc2-41b7-a205-9379e570808a,"['Beatrice was watching the news for the weather one day.', 'The weather reporter said to expect a storm', 'The storm would bring at least ten inches of snow.', 'Beatrice went to the store to stock up on food.', 'It was a good thing Beatrice did because it snowed all day.']",1
59a45e81-4b16-4661-8d92-a4916f3a53ba,"['Phil had always wanted to see Ireland for himself.', 'Phil saved up money for a big trip.', 'Finally it was time for Phil to fly to Ireland.', 'Phil tried the local food and met many people.', 'Phil was happy that Phil had finally visited Ireland.']",1
0ef615a9-b4f3-4290-8c3d-8494ea3b3887,"['Mary had a diary which she used to store her personal thoughts.', ""Mary's brother came into Mary's room and snooped around."", ""Mary's brother found Mary's diary and started reading it."", ""After some time, Mary's brother felt a pang of guilt."", ""Mary's brother returned the diary to its hiding spot.""]",1
3658a621-9cbb-4627-bed2-bc0ffce27a33,"['Eric referees high school football.', 'Every Friday, there is a new game and a new experience.', 'This Friday, the top two teams in the state are playing.', 'Everyone is abuzz about the game.', 'Eric can not wait to referee the game.']",1
f7e74d8d-b8c1-4237-af70-4b41fc509b36,"['Sadie was at her high school prom with her boyfriend.', 'Sadie was thrilled when she learned that she was prom queen.', ""Unfortunately Sadie's boyfriend was not the prom king."", ""While Sadie was thrilled, she didn't want to dance with another guy."", ""Sadie decided to pass on the crown and another girl took Sadie's spot.""]",1
c6260b9b-2233-42a0-9cd2-c966296387e6,"['Sue was headed to the lake for the first time this year.', 'At the lake Sue had installed a large bouncing ball in the water.', 'Sue was excited to be play on it.', 'Once Sue got there Sue was overwhelmed by the size.', 'Sue decided just to sit on the beach.']",1
e2830eff-6336-460c-8d87-ecfd71eded56,"['Marcus noticed that he got dizzy when he got up in the morning.', ""Marcus wasn't old enough for that to be normal, so Marcus called his doctor."", 'The doctor hemmed and hawed for a few minutes.', 'Then Marcus suggested Marcus drink more water every day.', ""Marcus followed the doctor's advice and that solved the problem.""]",1
2ed074b5-0c93-4642-9425-f2789546455e,"[""There was a clown at Eddy's friend's birthday party."", ""Eddy couldn't get over how big the clown's feet were."", 'Eddy asked his mom if people had to have big feet to be clowns.', ""Eddy's mom laughed at his question."", ""Eddy's mom told Eddy that they wore big shoes, but they didn't have extra big feet.""]",1
d2200bdb-5c32-4635-be9e-88b0f1983635,"['Miranda needed to go to the store.', 'Miranda was searching but could not find any clean clothes.', ""Soon Miranda's search began to run long and Miranda grew impatient."", ""Miranda decided to throw on one of her boyfriend's shirts."", ""Luckily Miranda liked the shirt and enjoyed wearing her boyfriend's things.""]",1
2aa02047-804f-43f0-b103-d489897f8c87,"['Cameron went to the playground.', ""Cameron noticed that one of Cameron's friends was crying."", 'Cameron asked his friend if he could help his friend.', ""Cameron's friend wanted to play on the see-saw."", ""Cameron agreed to help Cameron's friend by playing on the see-saw.""]",1
9b4b890c-2b0c-42e2-a291-3a6d36eacae6,"['Gina had always wanted to be in the circus.', ""The trapeze was Gina's real goal."", 'One day, Gina saw an ad for trapeze lessons!', ""Gina signed up and couldn't wait for class to begin."", 'Gina had waited her whole life for this!']",1
0bbcea38-61b9-453d-b106-9cac7a355605,"['Shelley and Hopkins were about to get into an argument.', ""It was about Shelley having insulted Hopkins' culture."", 'Shelley clarified that Shelley had been misunderstood.', 'Hopkins laughed about the misunderstanding.', 'The two avoided the argument and had a pleasant evening together.']",1
12005e89-47d5-459b-840e-8d72084f60c7,"['Lilly is the prettiest girl in her class.', 'But the other kids are jealous of how pretty Lilly is.', ""The girls in Lilly's class tease Lilly about Lilly's looks, hoping Lilly will cry!"", 'When Lilly finally breaks down and cries, the other girls feel bad.', 'The other girls stopped teasing Lilly and are now her best friends.']",1
1ccf9e1f-6f22-4344-b6a0-e90277db9861,"['Madi was hanging out with her little sister while mom took a shower.', 'Madi glanced over to the table and noticed a pair of scissors.', ""Then Madi looked at her sister's hair and saw how long it was getting."", ""Madi grabbed the scissors and cut Emma's hair to Emma's jawline."", ""When mom got downstairs, she was sad to see her sister's first haircut.""]",1
6bd12c23-93ad-4bcc-8a1b-f08f9da41466,"['Eric walked through the city park on his way to a bar.', 'Eric was in a hurry so Eric decided to take a shortcut.', 'Eric hopped over the fence and cut across the grass.', 'A park ranger saw this and yelled at Eric.', 'Eric ran off and hoped that Eric was not being chased.']",1
59200fb5-04e3-40f1-a473-3383edb4c2bd,"['Edna had taken her toddler to the doctor.', ""In the office, Edna's toddler was playing with some toys."", ""The doctor noticed that Edna's toddler really liked one toy."", ""Edna told Edna that Edna's son could keep the toy if Edna's son wanted."", 'Edna thanked the doctor and the baby took the toy home.']",1
3f7b3182-46f4-4304-a070-1d033b9bf2de,"['David had been in business for 10 Years.', ""David didn't understand why a new business was selling more than David."", 'David asked the new business owner what was his secret.', 'The owner told David the secret to success is online marketing.', 'So David paid an SEO firm to put David on the front page of Google.']",1
e3595c89-a522-4300-9f0b-06c2bb0de6cc,"['Brad was a quick learner at the school of music in his city.', ""Brad was the ideal student to have and many of Brad's teachers agreed."", 'Brad was a fast learner and could play any instrument they had.', 'Brad became the next Beethoven and went on to write many compositions.', 'Brad was a genius composer and owed his success to his school of music.']",1
ce6ab2e2-49b1-41ac-a36e-3b9d5f970dff,"['John wanted to do well in school.', 'John was struggling.', 'John hired a tutor.', 'The tutor helped John.', ""John's grades improved.""]",1
45f97a17-635c-4212-b747-a9c74bcd87cf,"['Mickey wanted strawberry ice cream.', 'The ice cream shop was out of strawberry ice cream.', 'Mickey had to choose between chocolate and vanilla.', 'Mickey decided on chocolate.', ""Mickey was less than satisfied with Mickey's ice cream.""]",1
198211d4-3b0f-4078-9f22-5d183d859599,"['Lola was planning to go to the beach with her husband.', ""Lola told Lola's relatives that Lola would go to the beach."", ""Lola's aunt told Lola that she would also come."", 'However, Lola and Max had a fight before the trip.', ""Lola felt very bad that Lola couldn't realize Lola's plans.""]",1
6c38b735-05f9-4786-b83d-598793898de6,"[""Mike turned 21 Year's old one summer day."", ""When Mike woke up, Mike put on some clothes and left Mike's house."", 'Mike drove down to the local grocery store and bought some beers.', 'Mike was very nervous to go home and actually try one.', 'When Mike finally got home, Mike drank the alcohol but became too drunk.']",1
48a20e6e-cb37-4e98-b814-3732458c3079,"['Bill put money into the stock market.', ""Bill invested all of Bill's money in Apple."", ""Apple's stocks went up $300 in one day!"", ""Bill sold Bill's stocks and made millions!"", 'Bill lived a life of luxury after that day.']",1
1da7b6c4-7730-43a9-8db1-e58a901de6ff,"['Allie was driving only five miles above the limit.', 'All the sudden Allie got pulled over.', 'When Allie saw the cop she was awestruck.', 'The cop was very beautiful.', 'Thankfully the cop let Allie go with a warning.']",1
8c62e804-374d-4fa4-9f0a-1c1765cd8fd0,"['Sam loved to fish.', 'Sam would go out onto the lake often.', 'One day Sam caught a huge fish!', ""Sam took Sam's eyes off it for one second and it flopped away!"", 'Sam wanted the fish so badly Sam dived in after it!']",1
04023906-4259-4fe2-9bc9-a35e543004cb,"['Charles notices his hands are a little dirty after working all day.', 'Charles decides to wash them when Charles gets home.', ""Charles washes Charles' hands thoroughly."", ""Charles' hands are clean now."", ""Charles is glad Charles washed Charles' hands.""]",1
41a34fd9-8f5d-4b12-927d-975f6eab98ac,"['Jason woke up to the sound of water.', ""It was coming from Jason's basement."", 'Jason went down to the basement to see what was happening.', 'The basement was totally flooded from a leak!', 'Jason called a plumber to fix everything.']",1
68c7cf29-f185-4371-88a3-fce7486ea503,"['Maggie had been in trouble with the law when she was younger.', 'When Maggie married and had a kid, Maggie was a great mom.', 'Maggie and her husband divorced and her husband filed for custody.', ""The judge held Maggie's past against her and ruled for her husband."", 'Maggie, despondent, fell back into a life of crime.']",1
22852a7e-1951-4dc2-a95d-84a80b3505cd,"[""Lori was watching her aunt's house."", ""Lori decided to borrow her aunt's new car."", 'When Lori was parking she crashed.', 'Lori ran right into the garage door.', ""There were a lot of Lori's damages.""]",1
c41c583a-a9de-4f0b-970f-00208c7dc815,"['Mark entered his work in the art fair.', 'The judges chose one piece to display in the main tent.', 'It attracted a big crowd.', 'Mark decided to sell it to someone.', 'Mark made $10,000 on the one piece!']",1
9e94eb6c-8f96-4c29-b848-2ba626f7c6df,"['Eugene needed extra money.', 'Eugene decided to be a dog walker.', ""Eugene would go to people's homes while they were at work."", ""Eugene'd walk their dogs until they were tired."", 'Eugene liked being outdoors and working with animals.']",1
2e2e4bbf-38e4-4e93-87a8-3836cebfab57,"['Mary decided to take a bath.', 'Mary turned on water and sat into the tub.', 'While Mary put shampoo on her hair she saw spider.', 'Mary got scared.', 'Mary run away from bathtub naked.']",1
d1abd462-a27e-4a85-9ae8-3ed8ae851d4c,"['Joel was very stingy with his money.', 'And Joel always feared Joel would need to use it for an emergency.', 'Joel never took vacations or bought things for Joel.', 'But Joel kept on saving money.', 'Joel felt regretful for never spending more after Joel retired.']",1
8ec15d43-6ae9-495f-99ca-a76f776e7695,"['Becky wanted to impress her pals.', ""Becky showed her pals her dad's prized collection of rocks."", ""When Becky's pals begged, Becky let Becky's pals each keep a rock."", ""The pals left, and Becky looked at the empty spaces in her dad's collection."", 'Becky walked along the road picking up rocks to fill the spaces.']",1
7cbbdf72-be94-4c06-8478-d3952e486488,"['One day granny met a 22 year old man named earl and fell in love.', 'And Earl fell in love with her.', ""Granny and Earl's friends told Granny and Earl that Granny was too old for Earl."", ""However, granny and Earl didn't care about age and decided to marry."", 'Granny and Earl got married and lived happily ever after.']",1
846f8c5b-be2b-4308-aa4d-2e50299eb076,"['Cody had really nice skin until he was about 8 years old.', ""Shortly after Cody's 8th birthday Cody's skin began to itch."", ""As time went on Cody's skin began to peel and it would cause Cody pain."", 'Cody went to the Doctor who ordered tests which showed Cody had eczema.', ""Cody was then prescribed special lotions and now Cody's skin is better.""]",1
